Packet No,Send Time,End Time
1,1743084551.144536,1743084551.2008417
2,1743084551.2025468,1743084551.2292402
3,1743084551.2308402,1743084551.2559662
4,1743084551.2573476,1743084551.2738416
5,1743084551.274481,1743084551.2900321
6,1743084551.290874,1743084551.3147821
7,1743084551.315344,1743084551.336786
8,1743084551.337468,1743084551.351776
9,1743084551.3523679,1743084551.3718698
10,1743084551.373386,1743084551.3938324
11,1743084551.3944757,1743084551.4177744
12,1743084551.4183242,1743084551.4377837
13,1743084551.4385476,1743084551.454811
14,1743084551.457591,1743084551.4747958
15,1743084551.4758658,1743084551.491787
16,1743084551.4929924,1743084551.5177605
17,1743084551.5182962,1743084551.5368094
18,1743084551.5374207,1743084551.5598502
19,1743084551.56094,1743084551.5889084
20,1743084551.590464,1743084551.6088495
21,1743084551.6102655,1743084551.6337557
22,1743084551.634365,1743084551.653772
23,1743084551.654278,1743084551.6707692
24,1743084551.6716657,1743084551.695816
25,1743084551.6964815,1743084551.716759
26,1743084551.7171738,1743084551.734759
27,1743084551.7353477,1743084551.7548194
28,1743084551.7558126,1743084551.7731562
29,1743084551.7756736,1743084551.791864
30,1743084551.793083,1743084551.812861
31,1743084551.8136778,1743084551.8317916
32,1743084551.832375,1743084551.8559933
33,1743084551.8575344,1743084551.8733318
34,1743084551.876662,1743084551.8877864
35,1743084551.8884265,1743084551.904825
36,1743084551.907575,1743084551.9221287
37,1743084551.9238126,1743084551.9428475
38,1743084551.943869,1743084551.9607978
39,1743084551.9618106,1743084551.9827938
40,1743084551.98338,1743084552.0050368
41,1743084552.0066109,1743084552.0427907
42,1743084552.0461013,1743084552.0779052
43,1743084552.0796335,1743084552.103355
44,1743084552.1037989,1743084552.135036
45,1743084552.1361458,1743084552.159025
46,1743084552.1599867,1743084552.1808593
47,1743084552.1813803,1743084552.2059047
48,1743084552.2074625,1743084552.225013
49,1743084552.2256114,1743084552.2438734
50,1743084552.2451978,1743084552.2657948
51,1743084552.266219,1743084552.2837865
52,1743084552.2840905,1743084552.304846
53,1743084552.3070385,1743084552.325809
54,1743084552.3268368,1743084552.3477829
55,1743084552.3481162,1743084552.3647757
56,1743084552.3651636,1743084552.386851
57,1743084552.3871977,1743084552.4027789
58,1743084552.403187,1743084552.419795
59,1743084552.4201496,1743084552.43678
60,1743084552.4370806,1743084552.458068
61,1743084552.458868,1743084552.475979
62,1743084552.4782917,1743084552.5037725
63,1743084552.504309,1743084552.5197756
64,1743084552.5202634,1743084552.537875
65,1743084552.540332,1743084552.5527623
66,1743084552.553209,1743084552.56777
67,1743084552.5681252,1743084552.584749
68,1743084552.5850878,1743084552.606065
69,1743084552.607629,1743084552.6243653
70,1743084552.6248891,1743084552.6477544
71,1743084552.6481154,1743084552.6698925
72,1743084552.671418,1743084552.7009726
73,1743084552.702315,1743084552.724884
74,1743084552.7302558,1743084552.7527826
75,1743084552.7535567,1743084552.7697482
76,1743084552.7702305,1743084552.788832
77,1743084552.789931,1743084552.8127747
78,1743084552.8133347,1743084552.8347507
79,1743084552.8352196,1743084552.8507648
80,1743084552.851279,1743084552.867749
81,1743084552.8682284,1743084552.8837607
82,1743084552.8842294,1743084552.9007578
83,1743084552.9012213,1743084552.914764
84,1743084552.9151866,1743084552.9327593
85,1743084552.9332316,1743084552.9497697
86,1743084552.950207,1743084552.973079
87,1743084552.9742258,1743084552.9918704
88,1743084552.9930966,1743084553.0108645
89,1743084553.0121388,1743084553.0317724
90,1743084553.0321298,1743084553.0537753
91,1743084553.0542274,1743084553.0719209
92,1743084553.0736825,1743084553.1029575
93,1743084553.105237,1743084553.134064
94,1743084553.1360042,1743084553.1619658
95,1743084553.1647515,1743084553.1788824
96,1743084553.1802335,1743084553.2017505
97,1743084553.2021377,1743084553.2218235
98,1743084553.223063,1743084553.2429335
99,1743084553.2441666,1743084553.2667775
100,1743084553.267343,1743084553.2878103
101,1743084553.2884738,1743084553.3071072
102,1743084553.3086343,1743084553.329963
103,1743084553.330644,1743084553.3560433
104,1743084553.3579435,1743084553.3758388
105,1743084553.3768852,1743084553.3977978
106,1743084553.398416,1743084553.4197934
107,1743084553.4203367,1743084553.4399993
108,1743084553.441227,1743084553.4570024
109,1743084553.4582217,1743084553.476269
110,1743084553.4777763,1743084553.4960299
111,1743084553.4968102,1743084553.5157673
112,1743084553.5163383,1743084553.5328026
113,1743084553.533267,1743084553.553799
114,1743084553.554371,1743084553.5800176
115,1743084553.58084,1743084553.6017854
116,1743084553.6038754,1743084553.6247876
117,1743084553.6253295,1743084553.644909
118,1743084553.645799,1743084553.6758256
119,1743084553.6764102,1743084553.6969297
120,1743084553.6986673,1743084553.720786
121,1743084553.7215667,1743084553.7371871
122,1743084553.7376072,1743084553.762479
123,1743084553.7630398,1743084553.7817564
124,1743084553.7821033,1743084553.7998037
125,1743084553.8002505,1743084553.8207953
126,1743084553.8211577,1743084553.8401003
127,1743084553.8409598,1743084553.8572001
128,1743084553.8582165,1743084553.874013
129,1743084553.8750393,1743084553.9007936
130,1743084553.9011748,1743084553.916751
131,1743084553.9171102,1743084553.9327722
132,1743084553.9331644,1743084553.9537416
133,1743084553.954105,1743084553.9677484
134,1743084553.968102,1743084553.9867597
135,1743084553.9871593,1743084554.003794
136,1743084554.0041401,1743084554.0232818
137,1743084554.024292,1743084554.042831
138,1743084554.043587,1743084554.0589244
139,1743084554.0599322,1743084554.0779397
140,1743084554.0788817,1743084554.096761
141,1743084554.097397,1743084554.1167514
142,1743084554.11713,1743084554.1357841
143,1743084554.1361423,1743084554.152752
144,1743084554.1531563,1743084554.1687646
145,1743084554.1691966,1743084554.188812
146,1743084554.189554,1743084554.2110727
147,1743084554.2127018,1743084554.233752
148,1743084554.2341123,1743084554.2517629
149,1743084554.2521815,1743084554.270759
150,1743084554.2711763,1743084554.2931387
151,1743084554.2942755,1743084554.3088508
152,1743084554.3101134,1743084554.3268673
153,1743084554.328564,1743084554.3459399
154,1743084554.3468564,1743084554.370811
155,1743084554.3711746,1743084554.3837442
156,1743084554.3840816,1743084554.3997545
157,1743084554.4002252,1743084554.4177632
158,1743084554.4180298,1743084554.433752
159,1743084554.4341397,1743084554.4477746
160,1743084554.4481273,1743084554.4707623
161,1743084554.4712417,1743084554.4877896
162,1743084554.488126,1743084554.5037856
163,1743084554.5041332,1743084554.5187466
164,1743084554.5191004,1743084554.5358002
165,1743084554.5362983,1743084554.5517478
166,1743084554.5521607,1743084554.5697668
167,1743084554.570227,1743084554.5898862
168,1743084554.59157,1743084554.6078758
169,1743084554.6092172,1743084554.6279185
170,1743084554.6286943,1743084554.646767
171,1743084554.6471431,1743084554.6658301
172,1743084554.666307,1743084554.6820264
173,1743084554.6825562,1743084554.701768
174,1743084554.7021213,1743084554.7207582
175,1743084554.7211578,1743084554.7367895
176,1743084554.737075,1743084554.7527695
177,1743084554.7530541,1743084554.7731473
178,1743084554.7744908,1743084554.7902145
179,1743084554.7928119,1743084554.8108535
180,1743084554.8116632,1743084554.8318033
181,1743084554.8321657,1743084554.8507445
182,1743084554.8511198,1743084554.8717995
183,1743084554.8721294,1743084554.8902512
184,1743084554.8910115,1743084554.9070234
185,1743084554.908315,1743084554.9279027
186,1743084554.929457,1743084554.9428003
187,1743084554.9434314,1743084554.9599135
188,1743084554.96098,1743084554.9847507
189,1743084554.9851809,1743084555.00375
190,1743084555.0040922,1743084555.021794
191,1743084555.0221605,1743084555.0410166
192,1743084555.0416667,1743084555.0587878
193,1743084555.0594172,1743084555.0790155
194,1743084555.0801737,1743084555.096012
195,1743084555.0972087,1743084555.1177502
196,1743084555.1181579,1743084555.1347535
197,1743084555.135109,1743084555.149758
198,1743084555.1500955,1743084555.1707501
199,1743084555.1711316,1743084555.186761
200,1743084555.187133,1743084555.2008212
201,1743084555.2011635,1743084555.2167552
202,1743084555.21723,1743084555.2367816
203,1743084555.237133,1743084555.2579849
204,1743084555.259746,1743084555.288749
205,1743084555.2893987,1743084555.3047528
206,1743084555.3051014,1743084555.3207908
207,1743084555.321207,1743084555.3372388
208,1743084555.3377228,1743084555.3643992
209,1743084555.3671904,1743084555.3947759
210,1743084555.396396,1743084555.4251063
211,1743084555.425645,1743084555.4488754
212,1743084555.4503913,1743084555.472816
213,1743084555.4732764,1743084555.4900136
214,1743084555.4921026,1743084555.5178168
215,1743084555.5182912,1743084555.5387785
216,1743084555.5394347,1743084555.5570097
217,1743084555.5586202,1743084555.5748184
218,1743084555.5754766,1743084555.5929306
219,1743084555.59488,1743084555.6128113
220,1743084555.6132586,1743084555.6327672
221,1743084555.633134,1743084555.6507452
222,1743084555.6511164,1743084555.6687913
223,1743084555.669104,1743084555.6877577
224,1743084555.6880784,1743084555.7037525
225,1743084555.704041,1743084555.722818
226,1743084555.724393,1743084555.7439911
227,1743084555.7453525,1743084555.7580764
228,1743084555.7588394,1743084555.774022
229,1743084555.775375,1743084555.7978308
230,1743084555.7984476,1743084555.811806
231,1743084555.8125286,1743084555.8327515
232,1743084555.8331778,1743084555.8507419
233,1743084555.851087,1743084555.869771
234,1743084555.8702755,1743084555.8847718
235,1743084555.8851132,1743084555.9081397
236,1743084555.9087207,1743084555.9327524
237,1743084555.9331326,1743084555.9497557
238,1743084555.950186,1743084555.9728603
239,1743084555.974359,1743084555.9929051
240,1743084555.9942014,1743084556.0147932
241,1743084556.0153172,1743084556.03376
242,1743084556.034143,1743084556.0507574
243,1743084556.051087,1743084556.0697532
244,1743084556.0701325,1743084556.085786
245,1743084556.086159,1743084556.100752
246,1743084556.1012073,1743084556.1167622
247,1743084556.1170425,1743084556.1318316
248,1743084556.132166,1743084556.1537778
249,1743084556.154192,1743084556.1697564
250,1743084556.170177,1743084556.1857464
251,1743084556.186156,1743084556.202779
252,1743084556.2030363,1743084556.2207599
253,1743084556.2211556,1743084556.2347727
254,1743084556.2350464,1743084556.2537515
255,1743084556.2541687,1743084556.270752
256,1743084556.2710965,1743084556.2887821
257,1743084556.2892091,1743084556.3057618
258,1743084556.306402,1743084556.319745
259,1743084556.320135,1743084556.335774
260,1743084556.3360333,1743084556.3569062
261,1743084556.3582942,1743084556.3717608
262,1743084556.3721032,1743084556.386751
263,1743084556.3871758,1743084556.4027386
264,1743084556.403117,1743084556.4228497
265,1743084556.4234354,1743084556.4377778
266,1743084556.4380522,1743084556.4571586
267,1743084556.4582705,1743084556.4809163
268,1743084556.4815426,1743084556.4997542
269,1743084556.5001955,1743084556.514761
270,1743084556.5151684,1743084556.5327568
271,1743084556.5331252,1743084556.5497456
272,1743084556.5501215,1743084556.5698183
273,1743084556.5701106,1743084556.5877783
274,1743084556.5880675,1743084556.6027608
275,1743084556.60307,1743084556.6207476
276,1743084556.6211762,1743084556.6418738
277,1743084556.6424735,1743084556.6649122
278,1743084556.665827,1743084556.6791642
279,1743084556.6803274,1743084556.7088199
280,1743084556.7094593,1743084556.7277908
281,1743084556.728691,1743084556.7485833
282,1743084556.7490635,1743084556.7744687
283,1743084556.776097,1743084556.7979853
284,1743084556.7984724,1743084556.81976
285,1743084556.8201344,1743084556.8377788
286,1743084556.8381069,1743084556.8547878
287,1743084556.8550909,1743084556.868758
288,1743084556.8690886,1743084556.891858
289,1743084556.8925366,1743084556.909783
290,1743084556.9104812,1743084556.934786
291,1743084556.9351187,1743084556.951745
292,1743084556.952115,1743084556.969792
293,1743084556.970156,1743084556.9887493
294,1743084556.9891295,1743084557.0058527
295,1743084557.0063388,1743084557.018742
296,1743084557.0190718,1743084557.0367582
297,1743084557.0371048,1743084557.053752
298,1743084557.0540886,1743084557.0707715
299,1743084557.07135,1743084557.088824
300,1743084557.0891986,1743084557.1058745
301,1743084557.1063123,1743084557.1278756
302,1743084557.1288128,1743084557.146945
303,1743084557.1479871,1743084557.164756
304,1743084557.1652522,1743084557.1779494
305,1743084557.180251,1743084557.2017932
306,1743084557.2022536,1743084557.2239532
307,1743084557.2256262,1743084557.2451134
308,1743084557.2466717,1743084557.2638936
309,1743084557.2644813,1743084557.278164
310,1743084557.2793357,1743084557.3016
311,1743084557.3020792,1743084557.3240693
312,1743084557.3254292,1743084557.3467937
313,1743084557.3473694,1743084557.3688047
314,1743084557.3691347,1743084557.3867776
315,1743084557.387161,1743084557.4037914
316,1743084557.4043076,1743084557.4177926
317,1743084557.4181876,1743084557.43375
318,1743084557.4340498,1743084557.453192
319,1743084557.454314,1743084557.4781456
320,1743084557.4789326,1743084557.503819
321,1743084557.5042672,1743084557.526777
322,1743084557.52723,1743084557.5518088
323,1743084557.5522394,1743084557.581948
324,1743084557.5826592,1743084557.608195
325,1743084557.6090114,1743084557.638781
326,1743084557.639289,1743084557.658892
327,1743084557.6597803,1743084557.6807692
328,1743084557.681151,1743084557.6963325
329,1743084557.6974888,1743084557.71291
330,1743084557.7138627,1743084557.734765
331,1743084557.7355947,1743084557.754811
332,1743084557.7552922,1743084557.770773
333,1743084557.771578,1743084557.792084
334,1743084557.7927773,1743084557.811995
335,1743084557.8127995,1743084557.8317747
336,1743084557.8323321,1743084557.853771
337,1743084557.8541327,1743084557.8717823
338,1743084557.872317,1743084557.8887815
339,1743084557.8891675,1743084557.9089346
340,1743084557.9097564,1743084557.931767
341,1743084557.932278,1743084557.951743
342,1743084557.952023,1743084557.9677606
343,1743084557.9681377,1743084557.983802
344,1743084557.9843705,1743084558.0007675
345,1743084558.001173,1743084558.018745
346,1743084558.0190868,1743084558.0357432
347,1743084558.0360906,1743084558.0537465
348,1743084558.054053,1743084558.0687401
349,1743084558.0691047,1743084558.0877628
350,1743084558.0881047,1743084558.1047509
351,1743084558.1052024,1743084558.126946
352,1743084558.1281204,1743084558.145312
353,1743084558.1477606,1743084558.163932
354,1743084558.1648185,1743084558.1908867
355,1743084558.1920469,1743084558.211989
356,1743084558.2141755,1743084558.232831
357,1743084558.2333043,1743084558.2547472
358,1743084558.255157,1743084558.2687387
359,1743084558.269089,1743084558.283775
360,1743084558.2841616,1743084558.3081586
361,1743084558.3088715,1743084558.3289576
362,1743084558.3299665,1743084558.3467877
363,1743084558.3473315,1743084558.3687456
364,1743084558.369067,1743084558.3877532
365,1743084558.388027,1743084558.406811
366,1743084558.407285,1743084558.428037
367,1743084558.429068,1743084558.4448862
368,1743084558.449061,1743084558.4707913
369,1743084558.4710972,1743084558.4897707
370,1743084558.4902678,1743084558.5068393
371,1743084558.5080047,1743084558.522775
372,1743084558.5231788,1743084558.538779
373,1743084558.539232,1743084558.554747
374,1743084558.5551589,1743084558.5717847
375,1743084558.5720947,1743084558.5920105
376,1743084558.593136,1743084558.6079617
377,1743084558.609101,1743084558.6269612
378,1743084558.6287944,1743084558.6498046
379,1743084558.650174,1743084558.6707609
380,1743084558.6711915,1743084558.6887648
381,1743084558.6891077,1743084558.7067742
382,1743084558.7073321,1743084558.728935
383,1743084558.7301211,1743084558.751748
384,1743084558.7521334,1743084558.7697504
385,1743084558.7701182,1743084558.7857761
386,1743084558.786115,1743084558.803781
387,1743084558.804197,1743084558.8249962
388,1743084558.8276744,1743084558.8420465
389,1743084558.8431025,1743084558.8590138
390,1743084558.860027,1743084558.8779862
391,1743084558.8824096,1743084558.900813
392,1743084558.9012685,1743084558.9228003
393,1743084558.923101,1743084558.9387784
394,1743084558.9391646,1743084558.9537532
395,1743084558.9540222,1743084558.9707484
396,1743084558.971234,1743084558.9887447
397,1743084558.9890704,1743084559.0057657
398,1743084559.0061684,1743084559.0251474
399,1743084559.026372,1743084559.0397427
400,1743084559.0401697,1743084559.0557494
401,1743084559.0560386,1743084559.0717578
402,1743084559.0722785,1743084559.0867867
403,1743084559.08706,1743084559.1067545
404,1743084559.1073403,1743084559.1217594
405,1743084559.1221564,1743084559.13979
406,1743084559.1401765,1743084559.1567514
407,1743084559.1574173,1743084559.1728106
408,1743084559.1731782,1743084559.189858
409,1743084559.1901321,1743084559.209808
410,1743084559.212499,1743084559.230976
411,1743084559.2314916,1743084559.2537572
412,1743084559.254042,1743084559.2750797
413,1743084559.2756755,1743084559.2938027
414,1743084559.295538,1743084559.3138745
415,1743084559.3145084,1743084559.3337667
416,1743084559.3341541,1743084559.3497658
417,1743084559.3501658,1743084559.369764
418,1743084559.3701563,1743084559.386754
419,1743084559.387109,1743084559.403772
420,1743084559.4041376,1743084559.4218447
421,1743084559.422206,1743084559.4421215
422,1743084559.4432497,1743084559.4609346
423,1743084559.4621205,1743084559.4897463
424,1743084559.490071,1743084559.5037603
425,1743084559.5041242,1743084559.5238087
426,1743084559.524677,1743084559.5442326
427,1743084559.5464396,1743084559.5650642
428,1743084559.5656846,1743084559.5819418
429,1743084559.5824845,1743084559.602763
430,1743084559.6030877,1743084559.6227582
431,1743084559.6231089,1743084559.6408615
432,1743084559.6421669,1743084559.6537511
433,1743084559.6541092,1743084559.672756
434,1743084559.6731925,1743084559.6867402
435,1743084559.6870801,1743084559.7068045
436,1743084559.7072089,1743084559.7261357
437,1743084559.7268796,1743084559.7459912
438,1743084559.7475116,1743084559.7738085
439,1743084559.7741978,1743084559.7887833
440,1743084559.789163,1743084559.806834
441,1743084559.8072867,1743084559.8259392
442,1743084559.8268523,1743084559.8387692
443,1743084559.8391023,1743084559.8568199
444,1743084559.8573358,1743084559.876823
445,1743084559.877327,1743084559.8963897
446,1743084559.89735,1743084559.9110153
447,1743084559.9141545,1743084559.9358177
448,1743084559.9361846,1743084559.9517465
449,1743084559.9521163,1743084559.9717565
450,1743084559.9721465,1743084559.988762
451,1743084559.9891176,1743084560.009823
452,1743084560.0104325,1743084560.0250244
453,1743084560.0264544,1743084560.0408196
454,1743084560.0432222,1743084560.059827
455,1743084560.060291,1743084560.0771933
456,1743084560.077841,1743084560.0897424
457,1743084560.0900893,1743084560.1078687
458,1743084560.1097362,1743084560.1227434
459,1743084560.1231182,1743084560.1397786
460,1743084560.1400454,1743084560.1578074
461,1743084560.1583304,1743084560.1807778
462,1743084560.1816752,1743084560.2007422
463,1743084560.2010694,1743084560.2207441
464,1743084560.2210305,1743084560.2387598
465,1743084560.2391598,1743084560.2557724
466,1743084560.256113,1743084560.2717588
467,1743084560.2721639,1743084560.2867522
468,1743084560.287037,1743084560.3057609
469,1743084560.3061733,1743084560.322811
470,1743084560.3231554,1743084560.3421786
471,1743084560.3436122,1743084560.3591344
472,1743084560.3600924,1743084560.3768299
473,1743084560.377428,1743084560.3949957
474,1743084560.3959696,1743084560.4157553
475,1743084560.416152,1743084560.4357824
476,1743084560.436098,1743084560.4567509
477,1743084560.4571166,1743084560.4751396
478,1743084560.4764671,1743084560.4922419
479,1743084560.493586,1743084560.5177543
480,1743084560.518164,1743084560.5437796
481,1743084560.5459208,1743084560.563017
482,1743084560.5644405,1743084560.592778
483,1743084560.5933764,1743084560.6313596
484,1743084560.6318843,1743084560.6608999
485,1743084560.664677,1743084560.6818378
486,1743084560.6823244,1743084560.7103481
487,1743084560.713213,1743084560.732085
488,1743084560.7324822,1743084560.7547731
489,1743084560.7551124,1743084560.7748263
490,1743084560.7765057,1743084560.7978306
491,1743084560.7982762,1743084560.8187883
492,1743084560.8190644,1743084560.8397481
493,1743084560.8400588,1743084560.8568058
494,1743084560.8571825,1743084560.874988
495,1743084560.8767433,1743084560.8930788
496,1743084560.8937514,1743084560.9187593
497,1743084560.9191756,1743084560.9387848
498,1743084560.9392498,1743084560.9598563
499,1743084560.9606025,1743084560.9737499
500,1743084560.9741879,1743084560.9938302
